id,first_name,last_name,email
1,Ashley,Mitchell,amitchell0@chronoengine.com
2,Lois,Stanley,lstanley1@netvibes.com
3,Sean,Brown,sbrown2@google.es
4,Jane,Fox,jfox3@nasa.gov
5,Thomas,Shaw,tshaw4@globo.com
6,Joseph,Taylor,jtaylor5@technorati.com
7,Wayne,Austin,waustin6@icio.us
8,Samuel,Larson,slarson7@census.gov
9,Eric,Wood,ewood8@sphinn.com
10,Lori,Miller,lmiller9@epa.gov
11,Howard,Robinson,hrobinsona@berkeley.edu
12,Joseph,Ruiz,jruizb@sphinn.com
13,Albert,Duncan,aduncanc@netvibes.com
14,Patrick,Myers,pmyersd@eventbrite.com
15,Scott,Harris,sharrise@friendfeed.com
16,Kevin,Moreno,kmorenof@discovery.com
17,Scott,Carroll,scarrollg@google.com.au
18,Wayne,Matthews,wmatthewsh@ca.gov
19,Linda,Austin,laustini@usatoday.com
20,Sara,Robinson,srobinsonj@smugmug.com
21,Ann,Ray,arayk@xrea.com
22,Craig,Russell,crusselll@sciencedaily.com
23,Gerald,Diaz,gdiazm@webnode.com
24,Juan,Perry,jperryn@toplist.cz
25,Adam,Washington,awashingtono@nsw.gov.au
26,Jessica,White,jwhitep@infoseek.co.jp
27,Dennis,Lawson,dlawsonq@time.com
28,Louis,Austin,laustinr@washington.edu
29,Joyce,Meyer,jmeyers@phpbb.com
30,Sharon,Porter,sportert@a8.net
31,Wayne,Tucker,wtuckeru@slate.com
32,Brian,Martin,bmartinv@plala.or.jp
33,Amanda,Gomez,agomezw@twitpic.com
34,Thomas,Ryan,tryanx@imgur.com
35,Lisa,Arnold,larnoldy@cisco.com
36,Gary,Carr,gcarrz@ehow.com
37,Harold,Mccoy,hmccoy10@miitbeian.gov.cn
38,Cheryl,Tucker,ctucker11@apache.org
39,Patrick,Butler,pbutler12@ox.ac.uk
40,Evelyn,Little,elittle13@exblog.jp
41,Paul,Hunt,phunt14@sun.com
42,Kelly,Fuller,kfuller15@mediafire.com
43,Elizabeth,Carter,ecarter16@cnbc.com
44,Steve,Garza,sgarza17@omniture.com
45,Shirley,Vasquez,svasquez18@gizmodo.com
46,Brandon,Arnold,barnold19@virginia.edu
47,Sara,Peterson,speterson1a@devhub.com
48,Beverly,Scott,bscott1b@parallels.com
49,Jean,Lawson,jlawson1c@joomla.org
50,Douglas,Sanchez,dsanchez1d@purevolume.com
51,Shawn,Ray,sray1e@intel.com
52,Paula,Rice,price1f@ox.ac.uk
53,Paula,Young,pyoung1g@vimeo.com
54,Nicholas,Mccoy,nmccoy1h@dedecms.com
55,Katherine,Lynch,klynch1i@cdbaby.com
56,Joyce,Burns,jburns1j@unesco.org
57,Louise,Sims,lsims1k@soup.io
58,Anne,Bennett,abennett1l@tumblr.com
59,Ryan,Spencer,rspencer1m@army.mil
60,Henry,Bradley,hbradley1n@oakley.com
61,Kathleen,Bradley,kbradley1o@flavors.me
62,Anne,Lee,alee1p@cafepress.com
63,Mary,Wallace,mwallace1q@indiegogo.com
64,Rachel,Gibson,rgibson1r@4shared.com
65,Paul,Payne,ppayne1s@businesswire.com
66,Johnny,Martinez,jmartinez1t@arizona.edu
67,David,Peterson,dpeterson1u@ning.com
68,Bobby,Sanchez,bsanchez1v@google.nl
69,Margaret,Richardson,mrichardson1w@ebay.co.uk
70,Joseph,Fisher,jfisher1x@tamu.edu
71,Ryan,Mason,rmason1y@instagram.com
72,Chris,Cook,ccook1z@flickr.com
73,Judy,Morgan,jmorgan20@bloglovin.com
74,Jessica,Spencer,jspencer21@comsenz.com
75,Deborah,Richards,drichards22@livejournal.com
76,Albert,Olson,aolson23@comsenz.com
77,Annie,Martinez,amartinez24@biblegateway.com
78,Maria,Reynolds,mreynolds25@reverbnation.com
79,Edward,Reed,ereed26@prlog.org
80,Joyce,Richardson,jrichardson27@qq.com
81,Craig,Cook,ccook28@engadget.com
82,Judy,Collins,jcollins29@free.fr
83,Christine,Kelley,ckelley2a@webs.com
84,Jacqueline,Ramos,jramos2b@huffingtonpost.com
85,Angela,Carter,acarter2c@soundcloud.com
86,Diane,Bradley,dbradley2d@nymag.com
87,Earl,Spencer,espencer2e@infoseek.co.jp
88,Diane,Baker,dbaker2f@addtoany.com
89,Roy,Stone,rstone2g@ebay.com
90,Raymond,Burton,rburton2h@bandcamp.com
91,Arthur,Wells,awells2i@bravesites.com
92,Jonathan,Parker,jparker2j@oaic.gov.au
93,Ruby,Reid,rreid2k@loc.gov
94,Clarence,Henderson,chenderson2l@npr.org
95,Paula,Palmer,ppalmer2m@360.cn
96,Ruby,Murray,rmurray2n@earthlink.net
97,Donna,Myers,dmyers2o@weibo.com
98,Evelyn,Hill,ehill2p@vkontakte.ru
99,Carolyn,Mendoza,cmendoza2q@microsoft.com
100,Joan,Riley,jriley2r@flickr.com
101,Deborah,Harrison,dharrison2s@forbes.com
102,Janice,Carroll,jcarroll2t@unblog.fr
103,Terry,Cole,tcole2u@cbc.ca
104,Sarah,Wood,swood2v@usnews.com
105,Carlos,Myers,cmyers2w@theatlantic.com
106,Donna,Griffin,dgriffin2x@google.ca
107,Nancy,Bowman,nbowman2y@wufoo.com
108,Cheryl,Ross,cross2z@instagram.com
109,Lori,Wallace,lwallace30@europa.eu
110,Julia,Day,jday31@umich.edu
111,Randy,Bishop,rbishop32@ifeng.com
112,Albert,Johnston,ajohnston33@trellian.com
113,Phillip,Robertson,probertson34@51.la
114,Douglas,Burke,dburke35@pen.io
115,Julia,Coleman,jcoleman36@bbb.org
116,Laura,Garza,lgarza37@arizona.edu
117,Christopher,Rivera,crivera38@harvard.edu
118,Dorothy,Gardner,dgardner39@intel.com
119,Arthur,Price,aprice3a@indiatimes.com
120,Nicole,Spencer,nspencer3b@salon.com
121,Shirley,Rodriguez,srodriguez3c@barnesandnoble.com
122,Lawrence,Mitchell,lmitchell3d@example.com
123,Harold,Perry,hperry3e@bravesites.com
124,Lillian,Hamilton,lhamilton3f@skyrock.com
125,Emily,Spencer,espencer3g@kickstarter.com
126,Betty,Boyd,bboyd3h@ehow.com
127,Anthony,Ford,aford3i@cmu.edu
128,Janet,White,jwhite3j@ask.com
129,Chris,Washington,cwashington3k@booking.com
130,Karen,Thompson,kthompson3l@ameblo.jp
131,Janet,Grant,jgrant3m@discuz.net
132,Todd,Robinson,trobinson3n@guardian.co.uk
133,Kevin,Kim,kkim3o@intel.com
134,Jeremy,Shaw,jshaw3p@1und1.de
135,Annie,Wallace,awallace3q@github.com
136,Frances,Carr,fcarr3r@issuu.com
137,Brian,Fowler,bfowler3s@vkontakte.ru
138,Tina,Watson,twatson3t@blog.com
139,Lillian,Perry,lperry3u@linkedin.com
140,Douglas,Jones,djones3v@hibu.com
141,Bobby,Stanley,bstanley3w@jimdo.com
142,Adam,Ray,aray3x@ebay.com
143,Carl,Spencer,cspencer3y@scientificamerican.com
144,Pamela,Garcia,pgarcia3z@va.gov
145,Billy,Roberts,broberts40@fastcompany.com
146,Howard,Lawson,hlawson41@t-online.de
147,Donald,Fuller,dfuller42@mediafire.com
148,Karen,Harris,kharris43@rakuten.co.jp
149,Edward,Oliver,eoliver44@goo.ne.jp
150,Annie,Richardson,arichardson45@webs.com
151,Nicole,Lynch,nlynch46@chicagotribune.com
152,Lillian,Boyd,lboyd47@homestead.com
153,Lillian,Ramos,lramos48@wired.com
154,Kelly,Vasquez,kvasquez49@hugedomains.com
155,Emily,Richardson,erichardson4a@dot.gov
156,Howard,Simpson,hsimpson4b@ifeng.com
157,Bonnie,Romero,bromero4c@bizjournals.com
158,Andrea,Kelley,akelley4d@bbb.org
159,Marilyn,Phillips,mphillips4e@quantcast.com
160,Bobby,Bailey,bbailey4f@youtu.be
161,Linda,Williamson,lwilliamson4g@bluehost.com
162,Martin,Carr,mcarr4h@hp.com
163,Mary,Crawford,mcrawford4i@indiegogo.com
164,Joseph,Ramirez,jramirez4j@issuu.com
165,Gerald,Garrett,ggarrett4k@ask.com
166,Carlos,Long,clong4l@aol.com
167,Tammy,Riley,triley4m@scribd.com
168,Cheryl,Webb,cwebb4n@lulu.com
169,Anthony,Morrison,amorrison4o@google.pl
170,Arthur,Perez,aperez4p@msu.edu
171,Beverly,Murray,bmurray4q@edublogs.org
172,Shirley,Olson,solson4r@e-recht24.de
173,Barbara,Clark,bclark4s@statcounter.com
174,James,Woods,jwoods4t@baidu.com
175,Joan,Dunn,jdunn4u@yellowpages.com
176,Sharon,Fields,sfields4v@hhs.gov
177,Paula,Wood,pwood4w@netvibes.com
178,Amanda,Grant,agrant4x@bloglovin.com
179,Earl,Ward,eward4y@dell.com
180,Robert,Rogers,rrogers4z@themeforest.net
181,Emily,Porter,eporter50@hexun.com
182,Ryan,Stewart,rstewart51@t-online.de
183,Patricia,Gomez,pgomez52@springer.com
184,Ruby,Fowler,rfowler53@blogtalkradio.com
185,Willie,Garrett,wgarrett54@phoca.cz
186,Martha,Hunt,mhunt55@angelfire.com
187,Nicholas,King,nking56@live.com
188,Andrew,Bennett,abennett57@domainmarket.com
189,Joyce,Collins,jcollins58@chron.com
190,Denise,Carr,dcarr59@artisteer.com
191,Jack,Robertson,jrobertson5a@mac.com
192,Robin,Vasquez,rvasquez5b@tripod.com
193,Norma,Hughes,nhughes5c@scientificamerican.com
194,Annie,Lee,alee5d@archive.org
195,Alan,Johnston,ajohnston5e@mozilla.org
196,Angela,Ward,award5f@webs.com
197,Joe,Graham,jgraham5g@seesaa.net
198,Henry,George,hgeorge5h@usa.gov
199,Julie,Gonzales,jgonzales5i@ask.com
200,Sarah,Ferguson,sferguson5j@bloglines.com
201,Norma,Mendoza,nmendoza5k@apple.com
202,Samuel,Wood,swood5l@ucla.edu
203,Catherine,Jackson,cjackson5m@spotify.com
204,Susan,Fernandez,sfernandez5n@usgs.gov
205,Jeremy,Taylor,jtaylor5o@spiegel.de
206,Ralph,Burton,rburton5p@posterous.com
207,Ann,Gutierrez,agutierrez5q@independent.co.uk
208,Heather,Hill,hhill5r@independent.co.uk
209,Douglas,Robinson,drobinson5s@pcworld.com
210,Keith,Allen,kallen5t@etsy.com
211,Randy,Perry,rperry5u@abc.net.au
212,Timothy,Mccoy,tmccoy5v@ning.com
213,Edward,Griffin,egriffin5w@google.cn
214,Janice,Martin,jmartin5x@sfgate.com
215,Margaret,Warren,mwarren5y@amazon.com
216,Kathleen,Gonzalez,kgonzalez5z@mashable.com
217,Tina,Lewis,tlewis60@fc2.com
218,Louise,Tucker,ltucker61@answers.com
219,Jonathan,Riley,jriley62@pcworld.com
220,Helen,Alvarez,halvarez63@vinaora.com
221,Martha,Castillo,mcastillo64@gizmodo.com
222,Shirley,Larson,slarson65@jalbum.net
223,Cheryl,Simpson,csimpson66@google.pl
224,William,Armstrong,warmstrong67@ox.ac.uk
225,Sara,Clark,sclark68@acquirethisname.com
226,Christine,Stewart,cstewart69@printfriendly.com
227,Arthur,Hamilton,ahamilton6a@trellian.com
228,Sara,Knight,sknight6b@amazon.co.jp
229,Joan,Robinson,jrobinson6c@behance.net
230,Ruth,Johnson,rjohnson6d@bizjournals.com
231,Paul,Black,pblack6e@java.com
232,Maria,Andrews,mandrews6f@hhs.gov
233,Dorothy,Green,dgreen6g@liveinternet.ru
234,Ann,Sanders,asanders6h@whitehouse.gov
235,Willie,Gomez,wgomez6i@clickbank.net
236,Norma,Bowman,nbowman6j@ted.com
237,Alice,Willis,awillis6k@ca.gov
238,Jason,Gutierrez,jgutierrez6l@qq.com
239,Douglas,Meyer,dmeyer6m@army.mil
240,Rose,Wagner,rwagner6n@ihg.com
241,Andrew,Reyes,areyes6o@reverbnation.com
242,Peter,Willis,pwillis6p@creativecommons.org
243,Diana,Flores,dflores6q@hud.gov
244,Joe,Austin,jaustin6r@cornell.edu
245,Russell,Ross,rross6s@acquirethisname.com
246,Lawrence,Woods,lwoods6t@gizmodo.com
247,Steve,Stanley,sstanley6u@elpais.com
248,Harry,Barnes,hbarnes6v@networkadvertising.org
249,Larry,Bell,lbell6w@blinklist.com
250,Melissa,Carpenter,mcarpenter6x@blogger.com
251,Gloria,Jones,gjones6y@skyrock.com
252,Mary,Hunt,mhunt6z@imgur.com
253,Ruby,Foster,rfoster70@dailymail.co.uk
254,Martin,Robinson,mrobinson71@newyorker.com
255,Roger,Roberts,rroberts72@slideshare.net
256,Nicole,Cruz,ncruz73@posterous.com
257,Annie,Woods,awoods74@furl.net
258,Janet,Moore,jmoore75@theglobeandmail.com
259,Arthur,Evans,aevans76@soundcloud.com
260,Jennifer,Wheeler,jwheeler77@abc.net.au
261,Patrick,Fuller,pfuller78@topsy.com
262,Douglas,Cruz,dcruz79@free.fr
263,Jacqueline,Jenkins,jjenkins7a@wikia.com
264,Ann,Berry,aberry7b@discovery.com
265,Johnny,Ramos,jramos7c@google.co.jp
266,Roy,Wagner,rwagner7d@weibo.com
267,Harry,Hawkins,hhawkins7e@ovh.net
268,Alice,Arnold,aarnold7f@stumbleupon.com
269,Carol,Hunt,chunt7g@quantcast.com
270,Clarence,Dean,cdean7h@google.fr
271,Ashley,Jordan,ajordan7i@weebly.com
272,Mildred,Perry,mperry7j@cloudflare.com
273,Diana,Torres,dtorres7k@bluehost.com
274,Jason,Coleman,jcoleman7l@1688.com
275,Anthony,Moreno,amoreno7m@squarespace.com
276,Emily,Stephens,estephens7n@globo.com
277,Maria,Elliott,melliott7o@comcast.net
278,Scott,Allen,sallen7p@nsw.gov.au
279,Jimmy,Owens,jowens7q@house.gov
280,Katherine,George,kgeorge7r@odnoklassniki.ru
281,Rebecca,Wallace,rwallace7s@usda.gov
282,Gary,Berry,gberry7t@mediafire.com
283,Katherine,Reynolds,kreynolds7u@wp.com
284,Pamela,Arnold,parnold7v@nbcnews.com
285,Martha,Nelson,mnelson7w@xrea.com
286,Jason,Hernandez,jhernandez7x@google.co.uk
287,Laura,Hawkins,lhawkins7y@photobucket.com
288,Judy,Welch,jwelch7z@springer.com
289,Donna,Murray,dmurray80@skyrock.com
290,Pamela,Burton,pburton81@wix.com
291,Denise,Porter,dporter82@harvard.edu
292,Donna,Lane,dlane83@ebay.com
293,Ernest,Reid,ereid84@furl.net
294,Shirley,Richardson,srichardson85@sakura.ne.jp
295,Alan,Robinson,arobinson86@twitpic.com
296,Craig,James,cjames87@slate.com
297,Martha,Webb,mwebb88@newyorker.com
298,Eugene,Oliver,eoliver89@jiathis.com
299,Amy,Gardner,agardner8a@a8.net
300,Frances,Gomez,fgomez8b@hugedomains.com
301,Jack,Dunn,jdunn8c@cocolog-nifty.com
302,Johnny,Adams,jadams8d@comcast.net
303,Edward,Bell,ebell8e@alexa.com
304,Irene,Nichols,inichols8f@adobe.com
305,Ryan,Powell,rpowell8g@biglobe.ne.jp
306,Joshua,Tucker,jtucker8h@storify.com
307,Stephen,Hart,shart8i@desdev.cn
308,Mary,Lopez,mlopez8j@discuz.net
309,Edward,Sims,esims8k@ycombinator.com
310,Jerry,Carr,jcarr8l@linkedin.com
311,Juan,Hill,jhill8m@a8.net
312,Gerald,Franklin,gfranklin8n@live.com
313,Nicole,Carter,ncarter8o@digg.com
314,Frances,Hunter,fhunter8p@dagondesign.com
315,Rachel,White,rwhite8q@eventbrite.com
316,Judith,Grant,jgrant8r@ebay.com
317,Norma,Elliott,nelliott8s@guardian.co.uk
318,Lisa,Wallace,lwallace8t@newsvine.com
319,Robert,Fuller,rfuller8u@china.com.cn
320,Ronald,Ferguson,rferguson8v@admin.ch
321,Christine,Carpenter,ccarpenter8w@sfgate.com
322,Harry,Carroll,hcarroll8x@usatoday.com
323,Diane,Bowman,dbowman8y@wix.com
324,Patrick,Edwards,pedwards8z@vk.com
325,Jeremy,Reed,jreed90@google.de
326,Judith,Wood,jwood91@reference.com
327,Richard,Pierce,rpierce92@newyorker.com
328,Richard,Hart,rhart93@furl.net
329,Gloria,Lawrence,glawrence94@dot.gov
330,Teresa,Morrison,tmorrison95@wix.com
331,Arthur,Robinson,arobinson96@usa.gov
332,Sara,Shaw,sshaw97@e-recht24.de
333,Paul,Carter,pcarter98@va.gov
334,Judith,Graham,jgraham99@opensource.org
335,Steven,Daniels,sdaniels9a@seattletimes.com
336,Rachel,Mendoza,rmendoza9b@house.gov
337,Dennis,Dean,ddean9c@csmonitor.com
338,Diane,Rice,drice9d@slideshare.net
339,Ruth,Weaver,rweaver9e@pcworld.com
340,Mildred,Black,mblack9f@yale.edu
341,Gloria,Dean,gdean9g@businessinsider.com
342,Albert,Garza,agarza9h@blogspot.com
343,Louis,Sanders,lsanders9i@vkontakte.ru
344,Howard,Hernandez,hhernandez9j@ebay.com
345,Diana,Montgomery,dmontgomery9k@hibu.com
346,Carl,Romero,cromero9l@mapquest.com
347,Emily,Frazier,efrazier9m@ezinearticles.com
348,Timothy,Kelley,tkelley9n@cmu.edu
349,Jason,Burton,jburton9o@topsy.com
350,Phyllis,Washington,pwashington9p@buzzfeed.com
351,Ryan,Crawford,rcrawford9q@npr.org
352,Matthew,Harper,mharper9r@jalbum.net
353,Carolyn,Bell,cbell9s@pbs.org
354,Lois,Richards,lrichards9t@cdc.gov
355,Anthony,Long,along9u@hugedomains.com
356,Judith,Perry,jperry9v@mtv.com
357,Nicholas,Baker,nbaker9w@hud.gov
358,Marilyn,Boyd,mboyd9x@google.fr
359,Annie,Wallace,awallace9y@dion.ne.jp
360,Adam,White,awhite9z@bigcartel.com
361,Cynthia,Welch,cwelcha0@msn.com
362,Ernest,Edwards,eedwardsa1@imageshack.us
363,Sara,Gonzales,sgonzalesa2@constantcontact.com
364,Henry,Montgomery,hmontgomerya3@time.com
365,Sara,Morrison,smorrisona4@ning.com
366,Arthur,Hunt,ahunta5@a8.net
367,Julia,Mcdonald,jmcdonalda6@ibm.com
368,Johnny,Reyes,jreyesa7@youtu.be
369,Marie,Torres,mtorresa8@patch.com
370,Marilyn,Gray,mgraya9@angelfire.com
371,Joyce,Washington,jwashingtonaa@shop-pro.jp
372,Kathryn,Patterson,kpattersonab@cisco.com
373,Walter,Andrews,wandrewsac@elegantthemes.com
374,Steven,Cruz,scruzad@cornell.edu
375,Brenda,Dixon,bdixonae@whitehouse.gov
376,Kelly,Price,kpriceaf@patch.com
377,Patrick,Coleman,pcolemanag@nbcnews.com
378,Jonathan,Jackson,jjacksonah@cdc.gov
379,Linda,Johnston,ljohnstonai@wufoo.com
380,Gerald,Frazier,gfrazieraj@sbwire.com
381,Jacqueline,Reed,jreedak@reuters.com
382,Brenda,Robertson,brobertsonal@nasa.gov
383,William,Mitchell,wmitchellam@cam.ac.uk
384,Joe,Schmidt,jschmidtan@bloomberg.com
385,Kenneth,Austin,kaustinao@cyberchimps.com
386,Joyce,Hamilton,jhamiltonap@tripadvisor.com
387,Dorothy,Freeman,dfreemanaq@redcross.org
388,Billy,Gutierrez,bgutierrezar@usa.gov
389,Dorothy,Stevens,dstevensas@thetimes.co.uk
390,Earl,Greene,egreeneat@stumbleupon.com
391,Daniel,Fisher,dfisherau@cafepress.com
392,Joan,Murphy,jmurphyav@ameblo.jp
393,Ruby,Elliott,relliottaw@purevolume.com
394,Todd,Sims,tsimsax@wikispaces.com
395,Ruby,Rodriguez,rrodriguezay@barnesandnoble.com
396,Frances,Henderson,fhendersonaz@deliciousdays.com
397,Christina,Matthews,cmatthewsb0@skype.com
398,Ann,Austin,aaustinb1@noaa.gov
399,Victor,Hamilton,vhamiltonb2@wix.com
400,Bonnie,Matthews,bmatthewsb3@zdnet.com
401,Jesse,Perry,jperryb4@aboutads.info
402,Stephen,Williamson,swilliamsonb5@goo.gl
403,Katherine,Jenkins,kjenkinsb6@amazonaws.com
404,George,Robertson,grobertsonb7@tripod.com
405,Sandra,Garrett,sgarrettb8@abc.net.au
406,Ralph,Lawson,rlawsonb9@printfriendly.com
407,Michael,Bennett,mbennettba@pen.io
408,Philip,Morales,pmoralesbb@about.me
409,Scott,Lopez,slopezbc@w3.org
410,Jose,Bell,jbellbd@pcworld.com
411,Stephanie,Berry,sberrybe@histats.com
412,Samuel,Kelley,skelleybf@g.co
413,Teresa,Cooper,tcooperbg@mediafire.com
414,Anthony,Oliver,aoliverbh@studiopress.com
415,Jane,Baker,jbakerbi@artisteer.com
416,Bruce,Stevens,bstevensbj@reverbnation.com
417,Juan,Hansen,jhansenbk@topsy.com
418,Eric,Gutierrez,egutierrezbl@loc.gov
419,Gerald,Long,glongbm@github.com
420,Randy,Moore,rmoorebn@comcast.net
421,Angela,Wood,awoodbo@loc.gov
422,Frank,Hudson,fhudsonbp@wix.com
423,Douglas,Morales,dmoralesbq@hp.com
424,Chris,Carroll,ccarrollbr@furl.net
425,George,Pierce,gpiercebs@is.gd
426,Anna,Reynolds,areynoldsbt@amazonaws.com
427,Marilyn,Berry,mberrybu@tamu.edu
428,Bruce,Mitchell,bmitchellbv@deliciousdays.com
429,Alan,Jacobs,ajacobsbw@creativecommons.org
430,Judith,Lane,jlanebx@google.com.br
431,Shirley,Turner,sturnerby@about.me
432,Samuel,Pierce,spiercebz@posterous.com
433,Martha,Alexander,malexanderc0@goo.gl
434,Andrea,Parker,aparkerc1@sun.com
435,Paul,Greene,pgreenec2@foxnews.com
436,Barbara,Chapman,bchapmanc3@uol.com.br
437,Russell,Johnston,rjohnstonc4@artisteer.com
438,Joseph,Arnold,jarnoldc5@quantcast.com
439,Marie,Diaz,mdiazc6@bloomberg.com
440,Eugene,Reyes,ereyesc7@yale.edu
441,Tammy,Mills,tmillsc8@domainmarket.com
442,Nancy,Spencer,nspencerc9@house.gov
443,Betty,Hughes,bhughesca@theguardian.com
444,Carl,Kelly,ckellycb@engadget.com
445,Carl,Green,cgreencc@pbs.org
446,Judy,Hunt,jhuntcd@webmd.com
447,Lillian,Romero,lromeroce@tuttocitta.it
448,Michael,Bowman,mbowmancf@webnode.com
449,Lori,Nguyen,lnguyencg@howstuffworks.com
450,Andrew,Montgomery,amontgomerych@ask.com
451,Andrew,Fox,afoxci@oracle.com
452,Sharon,Chavez,schavezcj@addtoany.com
453,Dennis,Dixon,ddixonck@vimeo.com
454,Daniel,Baker,dbakercl@dion.ne.jp
455,Joan,Ward,jwardcm@independent.co.uk
456,Todd,Little,tlittlecn@walmart.com
457,Ernest,Thompson,ethompsonco@dagondesign.com
458,Eric,Mills,emillscp@examiner.com
459,Johnny,Bradley,jbradleycq@miitbeian.gov.cn
460,Steven,Barnes,sbarnescr@constantcontact.com
461,Judith,Gray,jgraycs@tuttocitta.it
462,Howard,Pierce,hpiercect@senate.gov
463,Susan,Garza,sgarzacu@wired.com
464,Chris,Morales,cmoralescv@alexa.com
465,Earl,Greene,egreenecw@mozilla.org
466,Denise,Howard,dhowardcx@discuz.net
467,Anna,Stewart,astewartcy@nationalgeographic.com
468,Heather,Cook,hcookcz@umn.edu
469,Robin,Snyder,rsnyderd0@admin.ch
470,Patrick,Riley,prileyd1@freewebs.com
471,Karen,West,kwestd2@tinyurl.com
472,Teresa,Stewart,tstewartd3@usnews.com
473,Carol,Wagner,cwagnerd4@hao123.com
474,Willie,Oliver,woliverd5@gnu.org
475,Joseph,Carter,jcarterd6@whitehouse.gov
476,Elizabeth,Fowler,efowlerd7@4shared.com
477,Ronald,Harris,rharrisd8@blogspot.com
478,Aaron,Phillips,aphillipsd9@youku.com
479,Mildred,Kelly,mkellyda@fotki.com
480,Doris,Nelson,dnelsondb@pinterest.com
481,Gerald,Rodriguez,grodriguezdc@archive.org
482,Kathy,Martin,kmartindd@army.mil
483,Ryan,West,rwestde@netvibes.com
484,Louise,Graham,lgrahamdf@icio.us
485,Adam,Powell,apowelldg@nba.com
486,William,Greene,wgreenedh@tuttocitta.it
487,Janet,Arnold,jarnolddi@elegantthemes.com
488,Pamela,George,pgeorgedj@gravatar.com
489,Gregory,Hansen,ghansendk@scribd.com
490,Lori,Simpson,lsimpsondl@blogspot.com
491,Patrick,Cunningham,pcunninghamdm@pagesperso-orange.fr
492,Brenda,Burke,bburkedn@narod.ru
493,Joseph,Boyd,jboyddo@sitemeter.com
494,Anna,Bryant,abryantdp@imageshack.us
495,Sara,Cox,scoxdq@mail.ru
496,Melissa,Rodriguez,mrodriguezdr@arstechnica.com
497,Frank,Hart,fhartds@globo.com
498,Terry,Johnson,tjohnsondt@fastcompany.com
499,Kenneth,Harper,kharperdu@wiley.com
500,Carol,Nichols,cnicholsdv@soundcloud.com
501,Howard,Ray,hraydw@google.pl
502,Sarah,Kim,skimdx@cmu.edu
503,Steven,Mcdonald,smcdonalddy@nytimes.com
504,Kevin,Stewart,kstewartdz@cdc.gov
505,Kenneth,Fisher,kfishere0@elpais.com
506,Amy,Wagner,awagnere1@usgs.gov
507,Karen,Franklin,kfrankline2@elpais.com
508,Kelly,Hunter,khuntere3@columbia.edu
509,Jean,Gilbert,jgilberte4@globo.com
510,Chris,Freeman,cfreemane5@1und1.de
511,Amy,Harrison,aharrisone6@quantcast.com
512,Benjamin,Adams,badamse7@scientificamerican.com
513,Anthony,Holmes,aholmese8@wordpress.com
514,Nicole,Frazier,nfraziere9@posterous.com
515,John,Johnson,jjohnsonea@home.pl
516,Kelly,Owens,kowenseb@eepurl.com
517,Kelly,Mitchell,kmitchellec@thetimes.co.uk
518,Ronald,Taylor,rtaylored@whitehouse.gov
519,Emily,Ellis,eellisee@photobucket.com
520,Charles,Moore,cmooreef@tuttocitta.it
521,Samuel,Meyer,smeyereg@over-blog.com
522,Marilyn,Peters,mpeterseh@hc360.com
523,Carlos,Payne,cpayneei@freewebs.com
524,Rose,Peters,rpetersej@nbcnews.com
525,Walter,Nichols,wnicholsek@bbc.co.uk
526,Clarence,Rivera,criverael@360.cn
527,Ruby,Griffin,rgriffinem@dailymail.co.uk
528,Peter,Kim,pkimen@dailymotion.com
529,Nicholas,Brooks,nbrookseo@artisteer.com
530,Ruby,Frazier,rfrazierep@macromedia.com
531,Wayne,Meyer,wmeyereq@twitter.com
532,Carolyn,Walker,cwalkerer@merriam-webster.com
533,Raymond,Chapman,rchapmanes@upenn.edu
534,Lisa,Ross,lrosset@drupal.org
535,Randy,White,rwhiteeu@psu.edu
536,Patricia,Burton,pburtonev@google.com.br
537,Karen,Walker,kwalkerew@surveymonkey.com
538,Albert,Kennedy,akennedyex@shop-pro.jp
539,Christopher,Holmes,cholmesey@loc.gov
540,Paul,Richards,prichardsez@howstuffworks.com
541,Albert,Parker,aparkerf0@narod.ru
542,Paul,Clark,pclarkf1@tinyurl.com
543,Matthew,Wells,mwellsf2@de.vu
544,Lois,Reed,lreedf3@webnode.com
545,Clarence,Phillips,cphillipsf4@taobao.com
546,Barbara,Hayes,bhayesf5@domainmarket.com
547,Teresa,Roberts,trobertsf6@meetup.com
548,Judy,Castillo,jcastillof7@youtu.be
549,Mark,Graham,mgrahamf8@wsj.com
550,Amanda,Thompson,athompsonf9@163.com
551,Dennis,Lewis,dlewisfa@example.com
552,Christina,Thomas,cthomasfb@omniture.com
553,Martin,Olson,molsonfc@cbslocal.com
554,Keith,Perez,kperezfd@ucoz.com
555,Brian,Chapman,bchapmanfe@altervista.org
556,Margaret,Dean,mdeanff@topsy.com
557,Matthew,Wilson,mwilsonfg@posterous.com
558,Richard,Ruiz,rruizfh@bluehost.com
559,Angela,Peterson,apetersonfi@businessinsider.com
560,Katherine,Ray,krayfj@ehow.com
561,Alice,Rose,arosefk@nsw.gov.au
562,Deborah,Gomez,dgomezfl@aol.com
563,Doris,Wood,dwoodfm@auda.org.au
564,Lois,Shaw,lshawfn@google.de
565,Norma,Garza,ngarzafo@icq.com
566,Sara,Riley,srileyfp@xrea.com
567,Julia,Ramos,jramosfq@parallels.com
568,Jose,Bishop,jbishopfr@slideshare.net
569,Marie,Collins,mcollinsfs@unc.edu
570,Julie,Black,jblackft@behance.net
571,Debra,Warren,dwarrenfu@theatlantic.com
572,Shawn,Richardson,srichardsonfv@feedburner.com
573,Irene,Kelley,ikelleyfw@163.com
574,Antonio,Coleman,acolemanfx@ow.ly
575,Richard,Nelson,rnelsonfy@shutterfly.com
576,Janice,Cunningham,jcunninghamfz@discuz.net
577,George,Foster,gfosterg0@un.org
578,Beverly,Willis,bwillisg1@amazonaws.com
579,Joe,Garrett,jgarrettg2@berkeley.edu
580,Eugene,Moore,emooreg3@smh.com.au
581,Peter,Montgomery,pmontgomeryg4@barnesandnoble.com
582,Henry,Price,hpriceg5@army.mil
583,Roger,Walker,rwalkerg6@wired.com
584,Helen,Cruz,hcruzg7@wordpress.com
585,Jessica,Ferguson,jfergusong8@washington.edu
586,Annie,Burke,aburkeg9@arizona.edu
587,Joan,Jones,jjonesga@creativecommons.org
588,Lisa,Welch,lwelchgb@tiny.cc
589,Rebecca,Fernandez,rfernandezgc@foxnews.com
590,Andrew,Mccoy,amccoygd@bigcartel.com
591,Mary,Moreno,mmorenoge@ibm.com
592,Karen,Williams,kwilliamsgf@washingtonpost.com
593,Louise,Scott,lscottgg@twitter.com
594,George,Green,ggreengh@quantcast.com
595,Janet,Gomez,jgomezgi@shop-pro.jp
596,Maria,Bowman,mbowmangj@dyndns.org
597,Frank,Wells,fwellsgk@spiegel.de
598,Teresa,Freeman,tfreemangl@domainmarket.com
599,Shawn,Garrett,sgarrettgm@typepad.com
600,Joyce,Romero,jromerogn@webmd.com
601,Samuel,Sanchez,ssanchezgo@newsvine.com
602,Stephanie,Powell,spowellgp@issuu.com
603,Jason,Gonzalez,jgonzalezgq@admin.ch
604,Rebecca,Matthews,rmatthewsgr@alibaba.com
605,Lisa,Lane,llanegs@oakley.com
606,Jane,Montgomery,jmontgomerygt@upenn.edu
607,Rebecca,Green,rgreengu@time.com
608,Marie,Gonzales,mgonzalesgv@mediafire.com
609,Russell,Phillips,rphillipsgw@wsj.com
610,Lillian,Woods,lwoodsgx@acquirethisname.com
611,Adam,Thomas,athomasgy@icio.us
612,Lillian,Harvey,lharveygz@nytimes.com
613,Brenda,Sims,bsimsh0@ameblo.jp
614,Brandon,Castillo,bcastilloh1@youtu.be
615,Alan,Larson,alarsonh2@360.cn
616,Douglas,Johnston,djohnstonh3@friendfeed.com
617,Paul,Roberts,probertsh4@a8.net
618,Doris,Bryant,dbryanth5@bluehost.com
619,Rebecca,Hamilton,rhamiltonh6@youtube.com
620,Donald,Hanson,dhansonh7@constantcontact.com
621,Kathleen,Ryan,kryanh8@epa.gov
622,Alan,Clark,aclarkh9@mapquest.com
623,Steven,Carroll,scarrollha@histats.com
624,Andrew,Price,apricehb@salon.com
625,Aaron,Gray,agrayhc@psu.edu
626,Martin,Montgomery,mmontgomeryhd@networkadvertising.org
627,Diana,Rivera,driverahe@photobucket.com
628,Joseph,Burton,jburtonhf@kickstarter.com
629,Kathleen,Harris,kharrishg@chronoengine.com
630,Joshua,Hart,jharthh@com.com
631,Shawn,Evans,sevanshi@youtube.com
632,Steve,Gonzalez,sgonzalezhj@sogou.com
633,Mildred,Stewart,mstewarthk@bloglines.com
634,Joshua,Lane,jlanehl@walmart.com
635,Jeremy,Hall,jhallhm@pcworld.com
636,Eric,Burke,eburkehn@123-reg.co.uk
637,David,Garcia,dgarciaho@phoca.cz
638,Ernest,Jenkins,ejenkinshp@smugmug.com
639,Charles,Crawford,ccrawfordhq@bloglines.com
640,Earl,Barnes,ebarneshr@businesswire.com
641,Amanda,Barnes,abarneshs@aol.com
642,Julie,Miller,jmillerht@bloglines.com
643,Theresa,Cole,tcolehu@soundcloud.com
644,Robert,Howard,rhowardhv@seesaa.net
645,Barbara,Russell,brussellhw@trellian.com
646,Shirley,Castillo,scastillohx@stumbleupon.com
647,Martha,Smith,msmithhy@nydailynews.com
648,Janet,Fuller,jfullerhz@jimdo.com
649,Betty,Powell,bpowelli0@shop-pro.jp
650,Irene,Kim,ikimi1@techcrunch.com
651,Bobby,Rodriguez,brodriguezi2@engadget.com
652,Carol,Morales,cmoralesi3@smh.com.au
653,Sean,Day,sdayi4@netscape.com
654,Steve,Sullivan,ssullivani5@alibaba.com
655,Patrick,Hunter,phunteri6@dyndns.org
656,Shawn,Andrews,sandrewsi7@sfgate.com
657,Jeffrey,Jackson,jjacksoni8@accuweather.com
658,Timothy,Jordan,tjordani9@digg.com
659,Jonathan,Thompson,jthompsonia@si.edu
660,Martin,Dixon,mdixonib@wired.com
661,Walter,Harrison,wharrisonic@narod.ru
662,Joe,Reid,jreidid@lulu.com
663,Todd,Kelly,tkellyie@eepurl.com
664,Nicole,Diaz,ndiazif@ocn.ne.jp
665,Ruby,Roberts,rrobertsig@clickbank.net
666,Joan,West,jwestih@usatoday.com
667,Carlos,Henry,chenryii@yale.edu
668,Arthur,Chavez,achavezij@marketwatch.com
669,Ruth,Wells,rwellsik@cnbc.com
670,Ernest,Lawrence,elawrenceil@hc360.com
671,Joan,Richards,jrichardsim@indiatimes.com
672,Judy,Ferguson,jfergusonin@scribd.com
673,Edward,Hamilton,ehamiltonio@twitpic.com
674,Robin,Anderson,randersonip@uiuc.edu
675,Johnny,Johnston,jjohnstoniq@tripadvisor.com
676,Carl,Brown,cbrownir@alexa.com
677,Kathleen,Turner,kturneris@usatoday.com
678,Roy,Collins,rcollinsit@prnewswire.com
679,Jessica,Harvey,jharveyiu@dot.gov
680,Sharon,Hart,shartiv@yellowpages.com
681,Edward,Nichols,enicholsiw@fema.gov
682,Wanda,Bailey,wbaileyix@alibaba.com
683,Tina,Cole,tcoleiy@booking.com
684,Fred,Burke,fburkeiz@photobucket.com
685,Wayne,Clark,wclarkj0@moonfruit.com
686,Michelle,Bowman,mbowmanj1@networkadvertising.org
687,Elizabeth,Fisher,efisherj2@jiathis.com
688,Chris,Murray,cmurrayj3@sfgate.com
689,Teresa,Olson,tolsonj4@printfriendly.com
690,Anthony,Powell,apowellj5@domainmarket.com
691,Louise,Wood,lwoodj6@mozilla.com
692,Arthur,Ortiz,aortizj7@japanpost.jp
693,Denise,Hall,dhallj8@sourceforge.net
694,Eric,Chavez,echavezj9@infoseek.co.jp
695,Martin,Banks,mbanksja@narod.ru
696,Ruth,Gardner,rgardnerjb@hhs.gov
697,Christina,Bradley,cbradleyjc@so-net.ne.jp
698,Shawn,Williamson,swilliamsonjd@elpais.com
699,Irene,Willis,iwillisje@skype.com
700,Shirley,Arnold,sarnoldjf@biglobe.ne.jp
701,Timothy,Watkins,twatkinsjg@zdnet.com
702,David,Arnold,darnoldjh@ed.gov
703,Julia,Carter,jcarterji@pagesperso-orange.fr
704,Robert,Franklin,rfranklinjj@engadget.com
705,Janice,Ramirez,jramirezjk@umich.edu
706,Elizabeth,Kennedy,ekennedyjl@taobao.com
707,Amanda,Day,adayjm@bbb.org
708,Joan,Kennedy,jkennedyjn@ocn.ne.jp
709,Norma,Evans,nevansjo@sogou.com
710,Ann,Evans,aevansjp@pinterest.com
711,Mary,Hunt,mhuntjq@rediff.com
712,Nancy,Sanders,nsandersjr@cnn.com
713,Jane,Mendoza,jmendozajs@discuz.net
714,Kenneth,Lane,klanejt@sohu.com
715,Brandon,Turner,bturnerju@walmart.com
716,Alice,Owens,aowensjv@ucsd.edu
717,Martha,Mendoza,mmendozajw@com.com
718,Lillian,Carr,lcarrjx@csmonitor.com
719,Timothy,Tucker,ttuckerjy@discuz.net
720,Diana,Kennedy,dkennedyjz@networkadvertising.org
721,Jason,Freeman,jfreemank0@seesaa.net
722,Debra,Brooks,dbrooksk1@qq.com
723,Katherine,West,kwestk2@lycos.com
724,Paul,Reynolds,preynoldsk3@earthlink.net
725,Ronald,Ellis,rellisk4@jimdo.com
726,Barbara,Harvey,bharveyk5@examiner.com
727,Marie,Lawson,mlawsonk6@sitemeter.com
728,Martha,Ramos,mramosk7@msn.com
729,Donald,Wilson,dwilsonk8@dropbox.com
730,Peter,Nelson,pnelsonk9@google.ru
731,Adam,Hernandez,ahernandezka@etsy.com
732,Randy,Wright,rwrightkb@usatoday.com
733,Janice,Jones,jjoneskc@joomla.org
734,Gerald,Carter,gcarterkd@vistaprint.com
735,Mary,West,mwestke@yelp.com
736,Teresa,Oliver,toliverkf@wikimedia.org
737,Joyce,Harvey,jharveykg@bing.com
738,Janice,Patterson,jpattersonkh@ameblo.jp
739,Sandra,Fowler,sfowlerki@sphinn.com
740,Andrew,Dixon,adixonkj@pcworld.com
741,Sharon,Kennedy,skennedykk@reddit.com
742,Kenneth,Murray,kmurraykl@yellowpages.com
743,Beverly,Howell,bhowellkm@multiply.com
744,Carol,Torres,ctorreskn@flickr.com
745,Craig,Weaver,cweaverko@printfriendly.com
746,Andrea,Boyd,aboydkp@cnet.com
747,Kimberly,Collins,kcollinskq@google.pl
748,Christopher,Peters,cpeterskr@nyu.edu
749,Alice,Schmidt,aschmidtks@vistaprint.com
750,Jose,Perez,jperezkt@china.com.cn
751,Betty,Castillo,bcastilloku@ocn.ne.jp
752,Nicholas,Harper,nharperkv@usa.gov
753,Albert,Hunt,ahuntkw@twitter.com
754,Alice,Wood,awoodkx@bizjournals.com
755,Marie,Kennedy,mkennedyky@ustream.tv
756,Kelly,James,kjameskz@cnbc.com
757,Charles,Carroll,ccarrolll0@mediafire.com
758,Karen,Dixon,kdixonl1@xinhuanet.com
759,Brenda,Mccoy,bmccoyl2@stanford.edu
760,Pamela,Peters,ppetersl3@photobucket.com
761,Nicholas,Edwards,nedwardsl4@twitter.com
762,Matthew,Hamilton,mhamiltonl5@multiply.com
763,Eric,White,ewhitel6@ning.com
764,Donald,Thompson,dthompsonl7@nature.com
765,Randy,Peterson,rpetersonl8@mozilla.com
766,Richard,Robertson,rrobertsonl9@chronoengine.com
767,Jane,Gonzales,jgonzalesla@eventbrite.com
768,Margaret,Ortiz,mortizlb@blinklist.com
769,Craig,Rivera,criveralc@alibaba.com
770,Frances,Hughes,fhughesld@china.com.cn
771,Patrick,George,pgeorgele@smugmug.com
772,Carolyn,Hawkins,chawkinslf@hc360.com
773,Carol,Richardson,crichardsonlg@dyndns.org
774,Scott,Rose,sroselh@de.vu
775,Steve,Romero,sromeroli@google.com.au
776,Jeremy,Alexander,jalexanderlj@abc.net.au
777,Paul,Grant,pgrantlk@ning.com
778,Keith,Alexander,kalexanderll@illinois.edu
779,Angela,Miller,amillerlm@uiuc.edu
780,William,Castillo,wcastilloln@alexa.com
781,Bobby,Owens,bowenslo@berkeley.edu
782,Billy,Gonzales,bgonzaleslp@xinhuanet.com
783,Christopher,Palmer,cpalmerlq@state.gov
784,Jane,White,jwhitelr@about.me
785,Lois,Crawford,lcrawfordls@hud.gov
786,Phyllis,Peterson,ppetersonlt@google.com.au
787,Linda,Lawrence,llawrencelu@hc360.com
788,Jane,Watson,jwatsonlv@nifty.com
789,George,Riley,grileylw@indiegogo.com
790,Todd,Smith,tsmithlx@hud.gov
791,Russell,Rice,rricely@arstechnica.com
792,Fred,Lawson,flawsonlz@house.gov
793,Ralph,Alexander,ralexanderm0@cam.ac.uk
794,Janet,Alexander,jalexanderm1@guardian.co.uk
795,Lois,Clark,lclarkm2@ox.ac.uk
796,Joe,Johnson,jjohnsonm3@umich.edu
797,Sharon,Edwards,sedwardsm4@blogspot.com
798,David,Montgomery,dmontgomerym5@stumbleupon.com
799,Randy,Fernandez,rfernandezm6@cafepress.com
800,Barbara,Gardner,bgardnerm7@adobe.com
801,Jimmy,Hawkins,jhawkinsm8@oaic.gov.au
802,Harry,Hart,hhartm9@wunderground.com
803,Robin,Burton,rburtonma@narod.ru
804,Michael,Wallace,mwallacemb@sohu.com
805,Gary,Greene,ggreenemc@cocolog-nifty.com
806,Dennis,Price,dpricemd@unblog.fr
807,Cheryl,Lynch,clynchme@walmart.com
808,Lori,Rodriguez,lrodriguezmf@house.gov
809,Barbara,Day,bdaymg@rambler.ru
810,Jeremy,Holmes,jholmesmh@vistaprint.com
811,Michael,Sanders,msandersmi@admin.ch
812,Adam,Duncan,aduncanmj@gravatar.com
813,David,Burns,dburnsmk@freewebs.com
814,Aaron,Kelly,akellyml@fc2.com
815,Clarence,Johnson,cjohnsonmm@printfriendly.com
816,Alice,Carr,acarrmn@yellowbook.com
817,Peter,Martinez,pmartinezmo@umn.edu
818,Barbara,Crawford,bcrawfordmp@addthis.com
819,Brenda,Ryan,bryanmq@seattletimes.com
820,Ann,Chavez,achavezmr@printfriendly.com
821,Carol,King,ckingms@tumblr.com
822,Brian,Nelson,bnelsonmt@tripadvisor.com
823,Ernest,Ward,ewardmu@mapy.cz
824,Dorothy,Baker,dbakermv@foxnews.com
825,Pamela,Johnson,pjohnsonmw@hao123.com
826,Donna,Reyes,dreyesmx@mozilla.org
827,Daniel,Holmes,dholmesmy@geocities.com
828,Philip,Lawson,plawsonmz@europa.eu
829,Gary,Austin,gaustinn0@xrea.com
830,Shirley,Hansen,shansenn1@harvard.edu
831,Amy,Ross,arossn2@livejournal.com
832,Ralph,Morris,rmorrisn3@facebook.com
833,Shawn,Grant,sgrantn4@ucoz.com
834,Evelyn,Bishop,ebishopn5@house.gov
835,Donna,Oliver,dolivern6@people.com.cn
836,Irene,Watson,iwatsonn7@usa.gov
837,Rachel,Day,rdayn8@acquirethisname.com
838,Alice,Crawford,acrawfordn9@unc.edu
839,Rebecca,Howell,rhowellna@apache.org
840,Jonathan,Pierce,jpiercenb@instagram.com
841,Aaron,Lewis,alewisnc@psu.edu
842,Johnny,Cox,jcoxnd@ycombinator.com
843,Rachel,Hansen,rhansenne@is.gd
844,Donna,Johnston,djohnstonnf@nsw.gov.au
845,Marilyn,Tucker,mtuckerng@discuz.net
846,Elizabeth,Parker,eparkernh@mit.edu
847,Phillip,Simmons,psimmonsni@ibm.com
848,Alice,Ray,araynj@dailymail.co.uk
849,Scott,Reyes,sreyesnk@jiathis.com
850,Brian,Duncan,bduncannl@narod.ru
851,Wanda,Harper,wharpernm@quantcast.com
852,Elizabeth,Riley,erileynn@angelfire.com
853,Maria,Knight,mknightno@newyorker.com
854,Jean,Palmer,jpalmernp@eepurl.com
855,Carolyn,Austin,caustinnq@springer.com
856,Jean,Reed,jreednr@shinystat.com
857,Sandra,Reynolds,sreynoldsns@cargocollective.com
858,George,Richards,grichardsnt@ox.ac.uk
859,Martin,Alexander,malexandernu@chron.com
860,Joan,Bennett,jbennettnv@alexa.com
861,Julia,Pierce,jpiercenw@devhub.com
862,Gerald,Stephens,gstephensnx@flickr.com
863,Helen,Richardson,hrichardsonny@xinhuanet.com
864,Emily,Perkins,eperkinsnz@qq.com
865,Jane,Davis,jdaviso0@bigcartel.com
866,Kevin,Carr,kcarro1@google.com.hk
867,Phyllis,Brooks,pbrookso2@ibm.com
868,Steve,Kim,skimo3@addthis.com
869,Amy,James,ajameso4@about.com
870,Arthur,Richards,arichardso5@house.gov
871,Lillian,Harris,lharriso6@geocities.jp
872,Edward,Lane,elaneo7@nba.com
873,Patricia,Kelly,pkellyo8@bing.com
874,Matthew,Mcdonald,mmcdonaldo9@europa.eu
875,Kevin,Stanley,kstanleyoa@cbsnews.com
876,Jose,Roberts,jrobertsob@squidoo.com
877,Carolyn,Garrett,cgarrettoc@ihg.com
878,Justin,Vasquez,jvasquezod@slideshare.net
879,Douglas,Fisher,dfisheroe@scientificamerican.com
880,Diana,Wagner,dwagnerof@eepurl.com
881,Karen,Mccoy,kmccoyog@stumbleupon.com
882,Anthony,Peters,apetersoh@timesonline.co.uk
883,Louis,Chavez,lchavezoi@about.me
884,Janet,Greene,jgreeneoj@ed.gov
885,Craig,Martin,cmartinok@foxnews.com
886,Margaret,Hernandez,mhernandezol@about.com
887,Sean,Kennedy,skennedyom@bandcamp.com
888,Rebecca,Henry,rhenryon@amazon.co.uk
889,Daniel,Marshall,dmarshalloo@angelfire.com
890,Katherine,Ray,krayop@wsj.com
891,Kimberly,Rodriguez,krodriguezoq@rakuten.co.jp
892,Paula,Richards,prichardsor@abc.net.au
893,Debra,Nichols,dnicholsos@jugem.jp
894,Beverly,Banks,bbanksot@wsj.com
895,Joe,George,jgeorgeou@photobucket.com
896,Thomas,Parker,tparkerov@aol.com
897,Victor,Russell,vrussellow@sphinn.com
898,Sean,Mendoza,smendozaox@amazon.co.jp
899,Michelle,Elliott,melliottoy@phoca.cz
900,Eric,Frazier,efrazieroz@biblegateway.com
901,Terry,Oliver,toliverp0@icq.com
902,Thomas,Little,tlittlep1@a8.net
903,Kathryn,Boyd,kboydp2@nymag.com
904,Walter,Stevens,wstevensp3@aol.com
905,Frank,Flores,ffloresp4@last.fm
906,Bonnie,Foster,bfosterp5@tamu.edu
907,Ronald,Lopez,rlopezp6@wikipedia.org
908,Juan,Robertson,jrobertsonp7@jigsy.com
909,Ryan,Hawkins,rhawkinsp8@de.vu
910,Phillip,Richards,prichardsp9@blogger.com
911,Laura,Vasquez,lvasquezpa@jigsy.com
912,Gerald,Gilbert,ggilbertpb@joomla.org
913,Frances,Ramirez,framirezpc@symantec.com
914,Juan,Howard,jhowardpd@nymag.com
915,Judith,Miller,jmillerpe@apple.com
916,Evelyn,Lee,eleepf@hc360.com
917,Nancy,Rose,nrosepg@hc360.com
918,Andrea,Banks,abanksph@tamu.edu
919,Paul,Harrison,pharrisonpi@trellian.com
920,Richard,Romero,rromeropj@deviantart.com
921,Sara,Young,syoungpk@surveymonkey.com
922,Sandra,Alexander,salexanderpl@lulu.com
923,Rose,Carpenter,rcarpenterpm@nature.com
924,Lois,Henry,lhenrypn@chron.com
925,Gary,Watson,gwatsonpo@epa.gov
926,Rebecca,Watkins,rwatkinspp@wufoo.com
927,Keith,Frazier,kfrazierpq@exblog.jp
928,Carl,Johnston,cjohnstonpr@home.pl
929,Eugene,Black,eblackps@businessinsider.com
930,Jerry,Snyder,jsnyderpt@list-manage.com
931,Julia,Robinson,jrobinsonpu@cbsnews.com
932,Frank,Mitchell,fmitchellpv@unblog.fr
933,Justin,Bailey,jbaileypw@nba.com
934,Jonathan,Myers,jmyerspx@engadget.com
935,Anna,Stanley,astanleypy@narod.ru
936,Mary,Franklin,mfranklinpz@e-recht24.de
937,Bruce,Marshall,bmarshallq0@123-reg.co.uk
938,Thomas,Larson,tlarsonq1@va.gov
939,Angela,Wood,awoodq2@parallels.com
940,Phillip,Fuller,pfullerq3@xing.com
941,Robin,Castillo,rcastilloq4@myspace.com
942,Jimmy,Wilson,jwilsonq5@house.gov
943,Elizabeth,Harris,eharrisq6@msu.edu
944,Jose,Harrison,jharrisonq7@usatoday.com
945,Randy,Morris,rmorrisq8@odnoklassniki.ru
946,Anna,Garza,agarzaq9@ox.ac.uk
947,Annie,Gomez,agomezqa@devhub.com
948,Janet,Bennett,jbennettqb@admin.ch
949,Lois,Sims,lsimsqc@bluehost.com
950,Annie,Austin,aaustinqd@sogou.com
951,Christopher,Day,cdayqe@huffingtonpost.com
952,Howard,Hunt,hhuntqf@sfgate.com
953,Ruby,Carr,rcarrqg@list-manage.com
954,Peter,Romero,promeroqh@behance.net
955,Amy,Campbell,acampbellqi@auda.org.au
956,Frances,Gibson,fgibsonqj@51.la
957,Larry,Jenkins,ljenkinsqk@artisteer.com
958,Mary,Taylor,mtaylorql@imgur.com
959,Rebecca,Holmes,rholmesqm@earthlink.net
960,Julie,Robertson,jrobertsonqn@discuz.net
961,Mary,Griffin,mgriffinqo@amazon.co.uk
962,Terry,Willis,twillisqp@marketwatch.com
963,Judith,Little,jlittleqq@cisco.com
964,Shawn,Reed,sreedqr@dmoz.org
965,Emily,Owens,eowensqs@umich.edu
966,Michelle,Sanchez,msanchezqt@51.la
967,Deborah,Rogers,drogersqu@spotify.com
968,Stephanie,Moore,smooreqv@nationalgeographic.com
969,Karen,Brooks,kbrooksqw@businesswire.com
970,Rebecca,Lee,rleeqx@wikimedia.org
971,Antonio,Richardson,arichardsonqy@amazon.co.uk
972,Gregory,Bailey,gbaileyqz@jiathis.com
973,Jerry,Romero,jromeror0@narod.ru
974,Steven,Kim,skimr1@wikimedia.org
975,Craig,Carter,ccarterr2@furl.net
976,Roger,Harvey,rharveyr3@github.io
977,Nancy,Moreno,nmorenor4@amazon.com
978,Edward,Carpenter,ecarpenterr5@live.com
979,Keith,Rose,kroser6@cnn.com
980,Adam,Willis,awillisr7@comcast.net
981,Todd,James,tjamesr8@cnet.com
982,John,Phillips,jphillipsr9@about.com
983,Pamela,Foster,pfosterra@howstuffworks.com
984,Anthony,Lopez,alopezrb@moonfruit.com
985,Jason,Diaz,jdiazrc@nps.gov
986,Kevin,Cole,kcolerd@php.net
987,Mary,Carpenter,mcarpenterre@salon.com
988,Judith,Morrison,jmorrisonrf@washingtonpost.com
989,Martha,Sims,msimsrg@un.org
990,Martin,Cole,mcolerh@rediff.com
991,Doris,Evans,devansri@cbc.ca
992,Victor,Meyer,vmeyerrj@alexa.com
993,Larry,Schmidt,lschmidtrk@pcworld.com
994,Timothy,Gonzalez,tgonzalezrl@umn.edu
995,Jeremy,Perkins,jperkinsrm@homestead.com
996,Kimberly,Simpson,ksimpsonrn@comsenz.com
997,Carlos,Peterson,cpetersonro@apple.com
998,Katherine,Lane,klanerp@xrea.com
999,Patricia,Hayes,phayesrq@wsj.com
1000,Marilyn,Cooper,mcooperrr@cpanel.net
